id,firstname,lastname
100,Oralee,Chaing
101,Xylina,Gilmour
102,Nataline,Zrike
103,Janey,Ax
104,Margalo,Dorine
105,Ana,Wilona
106,Laurene,Brieta
107,Queenie,Katrine
108,Lenna,Means
109,Karlee,Dielu
110,Loree,Kamaria
111,Aigneis,Vharat
112,Silvana,Ader
113,Oona,Pillsbury
114,Doralynne,Stelle
115,Ezmeralda,Fulmer
116,Coral,Noman
117,Barbi,Tiffa
118,Morganica,Ethban
119,Roseline,Berl
120,Cathyleen,Scammon
121,Alisha,Liva
122,Brietta,Zachary
123,Emma,Nelsen
124,Ashlee,Bettine
125,Gratia,Laverne
126,Priscilla,Destinee
127,Phedra,Michella
128,Gale,Whittaker
129,Orelia,Dituri
130,Neila,Pond